<application>
  <component name="ProjectJdkTable">
    <jdk version="2">
      <name value="Python 3.13" />
      <type value="Python SDK" />
      <homePath value="$USER_HOME$/AppData/Local/Microsoft/WindowsApps/python3.11.exe" />
      <roots>
        <classPath>
          <root type="composite" />
        </classPath>
        <sourcePath>
          <root type="composite" />
        </sourcePath>
      </roots>
      <additional SDK_UUID="812e513c-5316-42ae-8283-3ba10038d87d">
        <setting name="FLAVOR_ID" value="WinPythonSdkFlavor" />
        <setting name="FLAVOR_DATA" value="{}" />
      </additional>
    </jdk>
    <jdk version="2">
      <name value="Python 3.13 (2)" />
      <type value="Python SDK" />
      <homePath value="$USER_HOME$/AppData/Local/Microsoft/WindowsApps/python3.11.exe" />
      <roots>
        <classPath>
          <root type="composite" />
        </classPath>
        <sourcePath>
          <root type="composite" />
        </sourcePath>
      </roots>
      <additional SDK_UUID="9af522fa-602e-4b6d-909e-3b4b0fc71501">
        <setting name="FLAVOR_ID" value="WinPythonSdkFlavor" />
        <setting name="FLAVOR_DATA" value="{}" />
      </additional>
    </jdk>
    <jdk version="2">
      <name value="Python 3.13 (3)" />
      <type value="Python SDK" />
      <homePath value="$USER_HOME$/AppData/Local/Microsoft/WindowsApps/python3.11.exe" />
      <roots>
        <classPath>
          <root type="composite" />
        </classPath>
        <sourcePath>
          <root type="composite" />
        </sourcePath>
      </roots>
      <additional SDK_UUID="d18f6b6c-a755-4866-aaff-405445d6f2e6">
        <setting name="FLAVOR_ID" value="WinPythonSdkFlavor" />
        <setting name="FLAVOR_DATA" value="{}" />
      </additional>
    </jdk>
  </component>
</application>