<keymap version="1" name="Windows copy" parent="$default">
  <action id="Back">
    <keyboard-shortcut first-keystroke="ctrl alt left" />
    <mouse-shortcut keystroke="button4" />
    <keyboard-shortcut first-keystroke="ctrl o" />
  </action>
  <action id="GotoDeclaration">
    <keyboard-shortcut first-keystroke="ctrl b" />
    <mouse-shortcut keystroke="control button1" />
    <mouse-shortcut keystroke="button2" />
    <keyboard-shortcut first-keystroke="ctrl j" />
  </action>
  <action id="InsertLiveTemplate" />
  <action id="OpenInlineChatAction">
    <keyboard-shortcut first-keystroke="shift ctrl g" />
  </action>
  <action id="OverrideMethods" />
  <action id="PinActiveTab">
    <keyboard-shortcut first-keystroke="ctrl p" />
  </action>
  <action id="PinActiveTabToggle">
    <keyboard-shortcut first-keystroke="ctrl p" />
  </action>
  <action id="copilot.disposeInlays" />
</keymap>